{"3M_H_G_rank_1": [20, 24], "3M_P_rank_2": [16, 18], "result": 2, "bet365_2": [2.7800000000000002, 7.200000000000001]}