{"P_rank_1": [12, 26], "A_GA_rank_2": [6, 25], "result": 3, "bet365_3": [5.640000000000001, 7.390000000000001]}