{"P_rank_1": [15, 26], "H_GA_rank_2": [1, 16], "result": 1, "bet365_1": [4.640000000000001, 8.709999999999999]}