{"3M_P_rank_coeff_1": [1, 15], "3M_A_G_rank_coeff_2": [9, 16], "result": 3, "bet365_3": [8.219999999999999, 9.549999999999999]}