{"P_rank_1": [6, 19], "3M_A_P_rank_2": [18, 28], "result": 2, "bet365_2": [7.120000000000001, 9.379999999999999]}