{"H_GA_rank_1": [18, 22], "P_rank_2": [17, 26], "result": 2, "bet365_2": [4.9399999999999995, 5.630000000000001]}