{"P_rank_1": [12, 26], "H_G_rank_2": [5, 13], "result": 3, "bet365_3": [5.609999999999999, 7.2700000000000005]}