{"P_rank_1": [16, 27], "H_P_rank_2": [1, 23], "result": 3, "bet365_3": [5.540000000000001, 7.3100000000000005]}