{"P_rank_1": [3, 11], "GA_rank_2": [4, 13], "result": 3, "bet365_3": [7.960000000000001, 9.709999999999999]}