{"3M_H_G_rank_1": [4, 7], "3M_A_GA_rank_2": [5, 9], "result": 2, "bet365_2": [5.540000000000001, 7.800000000000001]}