{"3M_H_P_rank_coeff_1": [19, 23], "3M_A_P_rank_coeff_2": [4, 6], "result": 2, "bet365_2": [1.2400000000000002, 7.840000000000001]}