{"3M_P_rank_1": [18, 28], "3M_A_GA_rank_2": [5, 8], "result": 2, "bet365_2": [5.6000000000000005, 7.870000000000001]}