{"P_rank_1": [14, 28], "G_rank_2": [25, 27], "result": 2, "bet365_2": [2.1100000000000003, 3.7300000000000004]}