{"3M_G_rank_coeff_1": [16, 19], "3M_GA_rank_coeff_2": [2, 24], "result": 2, "bet365_2": [5.880000000000001, 8.879999999999999]}