{"A_P_rank_1": [9, 26], "3M_GA_rank_2": [2, 11], "result": 1, "bet365_1": [4.3100000000000005, 8.950000000000001]}