{"3M_GA_rank_1": [2, 25], "3M_GA_coeff_rank_2": [2, 11], "result": 1, "bet365_1": [4.300000000000001, 7.550000000000001]}